mb_title,query
"Pure Jerry: Merriweather Post Pavilion - September 1 & 2, 1989",pure jerry merriweather post pavilion september 1 2 1989
Almost Unreleased,almost unreleased
Lost in Nebula,lost in nebula
"...And Yet, Another Pair of Lost Suspenders",and yet another pair of lost suspenders
Lullaby in Nostalgia,lullaby in nostalgia
A Certain Hostility,a certain hostility
André Kostelanetz Plays Michel Legrand's Greatest Hits,andr kostelanetz plays michel legrands greatest hits
The Songs of Stephen Foster,the songs of stephen foster
King Frost Parade,king frost parade
The Nevers: Season 1 (Soundtrack from the HBO® Original Series),the nevers season 1
The Frosty the Flow Man EP,the frosty the flow man ep
Jesiennie mgły ostatnich oddechów,jesiennie mgy ostatnich oddechw
Piloted By Ghosts,piloted by ghosts
America's Most Beautiful Music,americas most beautiful music
The Lost Tapes,the lost tapes
Most of Us Prefer Not to Think,most of us prefer not to think
The One Voted Most Likely to Succeed,the one voted most likely to succeed
Verdict of Posterity,verdict of posterity
Uno scoiattolo in mezzo ad un'autostrada,uno scoiattolo in mezzo ad unautostrada
Feynman's Lost Lecture,feynmans lost lecture
Goin' Back For A Lost Soul,goin back for a lost soul
"The Father, The Son & The Holy Ghost",the father the son the holy ghost
Cold Frosty Morning,cold frosty morning
When We Almost Killed Ourselves,when we almost killed ourselves
Sergeant Early’s Dream / Ghost Dances,sergeant earlys dream ghost dances
Lost Decade,lost decade
The Lost Fox Studio Sessions,the lost fox studio sessions
Know Your Ghosts E.P.,know your ghosts ep
Smoke Ghost,smoke ghost
Diagnostic and Statistical Manual of Mental Dis-Orders,diagnostic and statistical manual of mental disorders
Radiostationwagon,radiostationwagon
Chorus of the Lost,chorus of the lost
"Bursting Clouds, Lost World",bursting clouds lost world
Cowboy Sally's Twilight Laments For Lost Buckaroos,cowboy sallys twilight laments for lost buckaroos
Water Wears Down Stone: An Almost Live Experience,water wears down stone an almost live experience
The Japonize Elephants From: Zorlock! Land of the Lost!,the japonize elephants from zorlock land of the lost
A Most Bitter Season,a most bitter season
Meet The Person Most Responsible For Your Safety,meet the person most responsible for your safety
Lost Scriptures,lost scriptures
Aural Prostitution,aural prostitution
Gravrost,gravrost
Where the Long Shadows Fall (Beforetheinmostlight),where the long shadows fall
Slow Boat to Fast City Soundtrack,slow boat to fast city
Shadow of the Demon Lord: Soundtrack for the Apocalypse,shadow of the demon lord for the apocalypse
Winter Fish Testosterone,winter fish testosterone
The Book of Starry Wisdom: The Official Soundtrack,the book of starry wisdom the official
Mandatory Upgrade: X Marks the Spot (Official Soundtrack),mandatory upgrade x marks the spot
The Ghosts That Haunt Me,the ghosts that haunt me
Requiem for the Americas - Songs From the Lost World,requiem for the americas songs from the lost world
The Tupolev Ghost,the tupolev ghost
Almost Alone,almost alone
Ein Heldenleben (Boston Symphony Orchestra),ein heldenleben
Grimm's Hollow OST,grimms hollow
Khimera: Destroy All Monster Girls! Soundtrack,khimera destroy all monster girls
Lost Group Harmony Oldies Vol. 1,lost group harmony oldies vol 1
Albino Ghost Monkey,albino ghost monkey
"1972-03-27: Boston, MA, USA",19720327 boston ma usa
Children of the Night: Original Soundtrack Recording,children of the night recording
"1970‐09‐09: Boston Garden, Boston, MA, USA",19700909 boston garden boston ma usa
Black Elvis / Lost in Space,black elvis lost in space
Hellraiser: Bloodline: Original Soundtrack From the Dimension Film,hellraiser bloodline from the dimension film
Duke Nukem II: Original Soundtrack,duke nukem ii
"Liturgy of St John Chrysostom (Choir of Kings College, Cambridge, conductor: Stephen Cleobury)",liturgy of st john chrysostom
Bluostar,bluostar
"Droste, hörst Du mich?",droste hrst du mich
Marc Ribot y Los cubanos postizos (The Prosthetic Cubans),marc ribot y los cubanos postizos
Spuren der Verirrten - The Lost,spuren der verirrten the lost
Communication Lost,communication lost
NYC Ghosts & Flowers,nyc ghosts flowers
La Closerie (Pour Prévost),la closerie
Portable Soundtracks for Temporary Utopias,portable soundtracks for temporary utopias
"2005-05-18: WAAF Acoustic Radio Session, Boston, MA, USA",20050518 waaf acoustic radio session boston ma usa
Post-Asiatic: Lost War Dream Music,postasiatic lost war dream music
Monostereosis: The New Victrola Method,monostereosis the new victrola method
Piano Music: Basque Preludes / Nostalgia,piano music basque preludes nostalgia
Fall Guys Season 6 (Original Game Soundtrack),fall guys season 6
Manual de malas costumbres,manual de malas costumbres
Ghosts on Magnetic Tape (Andrew Liles Reconstruction),ghosts on magnetic tape
Ghost Triangulations,ghost triangulations
Lost and Found Tracks,lost and found tracks
We Almost Got It Together,we almost got it together
Rostok,rostok
Modern Day Nostalgia,modern day nostalgia
Klugheim Soundtrack,klugheim
Earl Bostic Flamingo,earl bostic flamingo
An Almost Silent Life,an almost silent life
Super House of Dead Ninjas: Soundtrack of Infinium,super house of dead ninjas of infinium
"아이리스 Ⅱ IRIS Ⅱ (Original TV Series Soundtrack), Pt. 3",iris pt 3
RuPaul’s Drag Race Live: The Official Vegas Soundtrack,rupauls drag race live the official vegas
"Goodbye Girls, I'm Going to Boston",goodbye girls im going to boston
Place Without a Postcard,place without a postcard
Ghosts in the Concrete,ghosts in the concrete
Not All Who Wander Are Lost,not all who wander are lost
The Frost Is on the Window,the frost is on the window
The Ghost of Fashion,the ghost of fashion
Klassische Kostbarkeiten Vol. 10,klassische kostbarkeiten vol 10
The Lost 1973 Album,the lost 1973 album
Train Fever Soundtrack,train fever
Echoes of a Ghost,echoes of a ghost
Music Is a Hungry Ghost,music is a hungry ghost
Cénotaphe (Lost Tracks),cnotaphe
The Places You Have Come to Fear the Most,the places you have come to fear the most
Escape Goat Original Soundtrack,escape goat
"Expedition to the Lost World, part I - "" Winter """,expedition to the lost world part i winter
Hi Scores,hi scores
Luigi's Mansion OST,luigis mansion
Sousa Marches (Boston Pops Orchestra),sousa marches
"2009-01-20: Fraser Performance Center, WGBH-FM, Boston, MA, USA",20090120 fraser performance center wgbhfm boston ma usa
Discochłosta,discochosta
"Concerto in C minor / Five Bagatelles / Three Soliloquies from ""Love's Labour Lost""",concerto in c minor five bagatelles three soliloquies from loves labour lost
Voyagers Soundtrack EP,voyagers ep
Localhost Original Sound Track,localhost original sound track
We're Not Lost,were not lost
StarSiege SoundTrack (Phat Techno),starsiege
Liturgy of St. John Chrysostom,liturgy of st john chrysostom
Hostile Ambient Takeover,hostile ambient takeover
Mostasteless,mostasteless
Original Soundtrack,
La mia risposta,la mia risposta
Space Rubbish OST,space rubbish
Mostly Blues,mostly blues
Gotee Records: The 97 Soundtrack,gotee records the 97
Symphonic Dances / Prince Rostislav,symphonic dances prince rostislav
"Costanzo, Cano & Bongos!",costanzo cano bongos
"2008-10-27: The Paradise, Boston, MA, USA",20081027 the paradise boston ma usa
Thelema Slowed Bass Boosted,thelema slowed bass boosted
"BBC Music, Volume 5, Number 2: October Revolution: Shostakovich: Symphony no. 2 / Prokofiev: Cantata",bbc music volume 5 number 2 october revolution shostakovich symphony no 2 prokofiev cantata
New Ghost/Old Waves,new ghostold waves
Wyv and Keep: The Temple of the Lost Idol,wyv and keep the temple of the lost idol
The Lost Utrecht Sessions,the lost utrecht sessions
Lost Odyssey,lost odyssey
Modern Nostalgia,modern nostalgia
Murder for Pleasure: Giallo and Thriller Original Soundtrack Themes,murder for pleasure giallo and thriller themes
Max Payne 2: The Fall Of Max Payne (Re-Engineered Soundtrack),max payne 2 the fall of max payne
Choice for a Lost Generation?!,choice for a lost generation
GRADIUS ARCADE SOUNDTRACK,gradius arcade
The Most Of the Ventures,the most of the ventures
Lost in Revelry,lost in revelry
Lost Somewhere Between the Earth and My Home,lost somewhere between the earth and my home
Soundtrack to the Personal Revolution,to the personal revolution
Lost in the Loop,lost in the loop
Most Unholy Convergence II,most unholy convergence ii
"Magic, Ghosts, Mystery 2",magic ghosts mystery 2
"R&B Takeover 2K7, Part 2: Hosted by Lloyd",rb takeover 2k7 part 2 hosted by lloyd
Björn Sunderson - The Soundtrack,bjrn sunderson the
Frozen Soundtracks,frozen soundtracks
Another One Lost,another one lost
The Lost Prophecy,the lost prophecy
"2008-11-01: De Oosterpoort, Grote Zaal, Groningen, Netherlands",20081101 de oosterpoort grote zaal groningen netherlands
The Most Beautiful Horn in the World,the most beautiful horn in the world
Wii U: Lost Tracks,wii u lost tracks
Nuove Proposte Sonore 1965-1972,nuove proposte sonore 19651972
13 Songs for a Beautiful Ghost,13 songs for a beautiful ghost
Spider‐Man: Into the Spider‐Verse: Original Score,spiderman into the spiderverse original
Stargunner: Original Soundtrack,stargunner
Most Events Aren't Planned / CJ3,most events arent planned cj3
Soundtrack: 珈琲のしみ,
CALLS: Chapter Two (Original Soundtrack from the TV Series),calls chapter two
SONIC & ALL-STARS RACING TRANSFORMED Original Soundtrack,sonic allstars racing transformed
The Lost Pepperland Reel: And Other Rarities,the lost pepperland reel and other rarities
Self-Inflicted Aerial Nostalgia,selfinflicted aerial nostalgia
Mostly Ape,mostly ape
Lost Vagueness,lost vagueness
Home: A Split With Ghosted and Phantom Float,home a split with ghosted and phantom float
Post + Beam,post beam
Soundtrack of Funny Years,of funny years
Ghosts of the Music,ghosts of the music
Terrible Hostess,terrible hostess
Resurrected Pride Once Lost,resurrected pride once lost
Post Historic Monsters,post historic monsters
Angelscore,angelscore
Ghost of David,ghost of david
Green Light Ghost,green light ghost
The Most Beautifullest Thing in This World,the most beautifullest thing in this world
"Boston, Mass.",boston mass
Cosmo’s Cosmic Adventure: Original Soundtrack,cosmos cosmic adventure
Whiskey for the Holy Ghost,whiskey for the holy ghost
Almost Drowned,almost drowned
Kooste,kooste
Held Hostage on Planet Chill,held hostage on planet chill
Lost Again EP,lost again ep
"Vladimir Viardo plays Shostakovich: Twenty-four Preludes, op. 34 and Sonata no. 2 op. 61",vladimir viardo plays shostakovich twentyfour preludes op 34 and sonata no 2 op 61
Blackwell Convergence Soundtrack,blackwell convergence
Ghost Guitars,ghost guitars
Eine kleine Nachtmusik / Posthorn-Serenade,eine kleine nachtmusik posthornserenade
Lost House Tracks,lost house tracks
Black Future '88 OST,black future 88
Oostmalle Airport,oostmalle airport
Alien Isolation: Complete Videogame Score,alien isolation complete videogame
Magnetis - Original Game Soundtrack,magnetis original game
Cupid Lost Diary: The Mixtape,cupid lost diary the mixtape
Gigi D'Agostino,gigi dagostino
Lost Horizon: The Classic Film Scores of Dimitri Tiomkin,lost horizon the classic film scores of dimitri tiomkin
Lost Herd,lost herd
Featuring the Human Host and the Heavy Metal Kids,featuring the human host and the heavy metal kids
Mamosta,mamosta
Almost Speechless,almost speechless
Requiem for the Lost Children,requiem for the lost children
OCTOPATH TRAVELER 大陸の覇者 Original Soundtrack vol.2,octopath traveler vol2
Mythic Ocean (Original Game Soundtrack),mythic ocean
"Nocturnes Op. 9, 15, 32, 62, Op. posth.",nocturnes op 9 15 32 62 op posth
The Lost Tapes,the lost tapes
How to Shit in the Woods (An Environmentally Sound Approach to a Lost Art),how to shit in the woods
Thermostat,thermostat
Quiet Prayers (My Utmost For His Highest),quiet prayers
Love Alarm CLAP! CLAP! CLAP! OST,love alarm clap clap clap
Postcards and Audio Letters,postcards and audio letters
Boxing Nostalgic,boxing nostalgic
Southern Hostility,southern hostility
"Have a Lucky Day (Boston, 06.01.1994)",have a lucky day
Inventing Situations: Music for String Quartet (The Artaria Quartet of Boston),inventing situations music for string quartet
Şifalı Otlar İçin Postlüdler,ifal otlar iin postldler
Kirby Star Allies: The Original Soundtrack,kirby star allies the
In Search of the Lost Riddim,in search of the lost riddim
Count The Cost,count the cost
Megalopolis: A Cyberpunk Soundtrack,megalopolis a cyberpunk
"For Every Petal Lost, Another Gained",for every petal lost another gained
Bird in Boston: Charlie Parker Live at the Hi-Hat 1953-54 Vol. 1,bird in boston charlie parker live at the hihat 195354 vol 1
É Português? NÃO GOSTO!,portugus no gosto
Meridian: Squad 22 OST,meridian squad 22
Organ Trail: Director's Cut: Original Soundtrack,organ trail directors cut
A Few Possible Selections for the Soundtrack of Your Life,a few possible selections for the of your life
BMW: Boyz Most Warriors,bmw boyz most warriors
Lost at Last,lost at last
Abhorrent Stench Of Posthumous Gastrorectal Desecration,abhorrent stench of posthumous gastrorectal desecration
Hank Snow's Most Requested of All Time,hank snows most requested of all time
Viitostie,viitostie
Nostalgia Era,nostalgia era
King Britt Presents Fhloston Paradigm EP,king britt presents fhloston paradigm ep
Bella Italia …e i nostri successi,bella italia e i nostri successi
A Way Out: Official Soundtrack,a way out official
Nostalgia Is a Dead Scene,nostalgia is a dead scene
Ny Glasnost,ny glasnost
LEGEND CONSUMER SERIES: Summer Carnival '92 RECCA FAMICOM SOUNDTRACK,legend consumer series summer carnival 92 recca famicom
User Hostile,user hostile
Electrostatic,electrostatic
KaostapesKain EP,kaostapeskain ep
Distorted Ghost EP,distorted ghost ep
Nostradamnedus,nostradamnedus
Post Marked Stamps No. 9,post marked stamps no 9
The Lost World / Five Weeks in a Balloon,the lost world five weeks in a balloon
Consider the Cost,consider the cost
Cool Pizza OST,cool pizza
Kinski spricht Dostojewskij,kinski spricht dostojewskij
Jim Post and Friends,jim post and friends
Soundtrack to Your Nightmare,to your nightmare
El Costumbre,el costumbre
Disciples: Sacred Lands In Game Soundtrack,disciples sacred lands in game
Lost Along The Way,lost along the way
"Columba, Most Holy of Saints",columba most holy of saints
Nieprosta decyzja,nieprosta decyzja
ஜகமே தந்திரம் (Original Background Score),
Almost a Dance,almost a dance
Ghost of a Texas Ladies Man,ghost of a texas ladies man
Microstorie,microstorie
MANH(A)TTAN: Original Score From the Television Series,manhttan original from the television series
Anthology: Soundtracks 1978-1993,anthology soundtracks 19781993
Lost a Few Battles... Won the War,lost a few battles won the war
Ghostbusters II: Original Motion Picture Score,ghostbusters ii original motion picture
The Ghost of Cain,the ghost of cain
பரியேறும் பெருமாள் (Original Background Score),
Gang Related: The Soundtrack,gang related the
Frosting on the Beater,frosting on the beater
When I Lost You,when i lost you
The Last Boy Scout: Original Motion Picture Score,the last boy scout original motion picture
Pearlesque Kings of the Jewmost,pearlesque kings of the jewmost
Feel Good Lost,feel good lost
Ghosts of the Apocalypse,ghosts of the apocalypse
Unused Score for 'La Puntura Velenosa Della Notte',unused for la puntura velenosa della notte
Eureka: Original Soundtrack From the Sci-Fi Channel Television Series,eureka from the scifi channel television series
Juventus Stadium Soundtrack,juventus stadium
Blood on the Terraces / Lost and Found,blood on the terraces lost and found
Lost And Profound,lost and profound
I’ve Lost My Dog / Dreaming and Wondering,ive lost my dog dreaming and wondering
Whoopedoo (Varrick Frost Remix),whoopedoo
Their Enemies are Mostly Imagined,their enemies are mostly imagined
What I Want The Most,what i want the most
Un cantastorie dei giorni nostri,un cantastorie dei giorni nostri
Lost in the 80's,lost in the 80s
"2019‐07‐05: Fenway Park, Boston, MA, USA",20190705 fenway park boston ma usa
Crimson Frost,crimson frost
Midnight at the Lost and Found,midnight at the lost and found
Shatter: Official Videogame Soundtrack,shatter official videogame
Postcards From Downunder,postcards from downunder
Disciples II Gold in-Game Soundtrack,disciples ii gold ingame
"1984-05-02: Kiss 108 WXKS FM 5th Birthday Party Concert, the Metro, Boston, Ma, USA",19840502 kiss 108 wxks fm 5th birthday party concert the metro boston ma usa
Valkyren Frost,valkyren frost
Pacific General OST,pacific general
the geometrie of our lost cause,the geometrie of our lost cause
The Lost Children of Babylon Present: Outlaw Star,the lost children of babylon present outlaw star
We Were Always Loyal To Lost Causes,we were always loyal to lost causes
Ghosts I Have Been,ghosts i have been
"blue, the most celestial color",blue the most celestial color
Alien Soundtracks,alien soundtracks
Lost Firdausy,lost firdausy
"Hiver, Nostalgie & Amertume",hiver nostalgie amertume
A Gentleman's Dignity OST Part 1,a gentlemans dignity part 1
the phantoms of our lost cause,the phantoms of our lost cause
Mostri e normali,mostri e normali
Compost Experimental Selection - Seismic Tranquilizer - Leftfield Tracks - compiled & mixed by Rupert & Mennert,compost experimental selection seismic tranquilizer leftfield tracks compiled mixed by rupert mennert
'n Klap op m'n kontje dat kost je 'n rondje,n klap op mn kontje dat kost je n rondje
Space Pirates and Zombies: Soundtrack,space pirates and zombies
This Films Crap . . . Lets sample the Soundtrack,this films crap lets sample the
Rubber Bordello: Soundtrack,rubber bordello
The Lost Album,the lost album
Credo Nostrvm,credo nostrvm
More Modern Day Nostalgia,more modern day nostalgia
Roxanne: Original Motion Picture Score,roxanne original motion picture
the legacy of our lost cause,the legacy of our lost cause
Catacomb Snatch Original Soundtrack,catacomb snatch
Postcards From Downtown,postcards from downtown
Drogue Violence Prostitution,drogue violence prostitution
Fate/Zero Original Soundtrack II,fatezero ii
いちかのBEMANI投票選抜戦2019 ORIGINAL SOUNDTRACK,bemani2019
Ghostlawns,ghostlawns
Lost in the Beauty You Slay / The Fifth Season,lost in the beauty you slay the fifth season
Lost Days / Unreleased and Unheard of,lost days unreleased and unheard of
Pure Frosting,pure frosting
Wolfen: The Unused Score,wolfen the unused
"Mr. Robot, Volume 4: Original Television Series Soundtrack",mr robot volume 4 original television series
